id;formato;titulo;mainTextoPost;textoCards;pilar;editoria;objetivo;plataforma;mes;semana;dia_semana;horario_sugerido;hashtags;cta;referencia_visual;observacoes;status_aprovacao;data_publicacao;link_publicacao
1f9eefe2-0133-4519-9fe6-a6b3c9d53ba8;estatico;Observabilidade full-stack para agencias;"✨ Observabilidade full-stack para agencias

Cada detalhe conta na construção de algo duradouro. Descubra como transformar esta ideia em resultado concreto.

👉 Comente ""EU QUERO"" para saber mais.

#CestariStudio #DesignSistemico #instagram";"[STATIC_TITLE] Observabilidade full-stack para agencias
[STATIC_PARAGRAPH] Descubra como aplicar este conceito na prática e transformar seus resultados.";;;;instagram;;;;;;;;;pendente;;
80cdea33-25b3-49ff-8bcc-e84b4acc9332;carrossel;IA Agentica e o futuro do design digital — Guia Completo;"📚 Deslize para aprender tudo sobre IA Agentica e o futuro do design digital.

Neste carrossel, você vai descobrir os fundamentos, as melhores práticas e como aplicar na prática.

💾 Salve para consultar depois!

#CestariStudio #Carrossel #linkedin";"[CAROUSEL_TITLE_01] O que é IA Agentica e o futuro do design digital?
[CAROUSEL_TEXT_01] Uma visão geral clara e direta sobre o tema e por que ele importa.
[CAROUSEL_TITLE_02] Por que isso importa?
[CAROUSEL_TEXT_02] Entenda o impacto direto nos seus resultados e na sua estratégia.
[CAROUSEL_TITLE_03] Como começar
[CAROUSEL_TEXT_03] Passo a passo prático para implementar a partir de hoje.
[CAROUSEL_TITLE_04] Erros comuns
[CAROUSEL_TEXT_04] Evite esses 3 erros que 90% das pessoas cometem ao começar.
[CAROUSEL_TITLE_05] Próximos passos
[CAROUSEL_TEXT_05] Aplique o que aprendeu e acompanhe os resultados em 30 dias.";educacional;;;linkedin;;;;;;;;;pendente;;
8ad8ec34-0013-4c63-9b79-da992cee6256;reel;Design sistemico para marcas future-proof — O que ninguém te conta;"🎬 Design sistemico para marcas future-proof

Você ainda está ignorando isso? Aqui vão 3 pontos que vão mudar sua perspectiva.

💡 Salve este Reel e aplique ainda hoje.

#CestariStudio #FutureProof #instagram";"[REEL_TITLE_01] Design sistemico para marcas future-proof — Pare e preste atenção
[REEL_TITLE_02] Ponto 1: A maioria erra aqui
[REEL_TITLE_03] Ponto 2: O segredo está nos detalhes
[REEL_TITLE_04] Ponto 3: Aplique hoje mesmo
[REEL_TITLE_05] Salve para não esquecer";visionario;Tech;Engajamento;instagram;;Semana 2;Terca;18:00;;;;;pendente;;
2cfca587-3fa2-4ef6-9114-84d0d500f72d;post_carrossel;Helio 447.11nm;"[LOCAL MOCK — post_carrossel]

Helio 447.11nm

O futuro não espera por quem ainda está testando.

Termos: Orquestração, ROI Agêntico, Observabilidade Full-stack

#CestariStudio #FutureProofBrands #DesignSistemico";;visionario;;;linkedin;;;;;;;;;approved;;
ab8d768e-4c9f-4c5d-9dd2-7d72fbe8c205;social_post;E2E test post;"[LOCAL MOCK — social_post]

E2E test post

O futuro não espera por quem ainda está testando.

Termos: Orquestração, ROI Agêntico, Observabilidade Full-stack

#CestariStudio #FutureProofBrands #DesignSistemico";;;;;instagram;;;;;;;;;approved;;
44ba898e-e731-45ba-97c2-bbf295b654c1;reels;Top 3 tendencias de UX 2026;"[LOCAL MOCK — reels]

🎬 Hook (0-3s): ""Top 3 tendencias de UX 2026"" — Pare de ignorar isso.
📱 Desenvolvimento (3-25s): 3 pontos rápidos sobre o tema.
🔗 CTA (25-30s): Salve para aplicar ainda hoje.

Texto na tela: ""Top 3 tendencias de UX 2026""
Música sugerida: Tech/Corporate beat";;;;;instagram;;;;;;;;;approved;;
b00e61cd-66ba-4423-8c52-fb81ebe76ff1;social_post;AI Agentes no design digital;"[LOCAL MOCK — social_post]

AI Agentes no design digital

O futuro não espera por quem ainda está testando.

Termos: Orquestração, ROI Agêntico, Observabilidade Full-stack

#CestariStudio #FutureProofBrands #DesignSistemico";;;;;instagram;;;;;;;;;approved;;
dd383e48-b852-4230-9304-01b03363cd19;social_post;Beneficios de design systems para startups;"[LOCAL MOCK — social_post]

Beneficios de design systems para startups

O futuro não espera por quem ainda está testando.

Termos: Orquestração, ROI Agêntico, Observabilidade Full-stack

#CestariStudio #FutureProofBrands #DesignSistemico";;;;;linkedin;;;;;;;;;approved;;
111c52ed-3741-4c86-8a6c-07660929d8fd;post_carrossel;Design Responsivo: Por que Importa;O design responsivo não é luxo, é necessidade. Cada pixel conta na experiência do usuário.;;;;;;;;;;;;;;approved;;
24f403be-ab88-46df-b6f8-faa419ece426;post_estatico;Case: Landing Page +340%;"[LOCAL MOCK — post_estatico]


REVISÃO SOLICITADA pelo cliente.

CONTEÚDO ORIGINAL:
Mostramos como redesenhar uma landing page triplicou conversões.

FEEDBACK DO CLIENTE:
Adicione metricas reais e depoimento do cliente. O case precisa ser mais convincente.

TIPO DE FEEDBACK: needs_revision
REVISÃO #1

Revise o conteúdo levando em conta o feedback do cliente.
Mantenha o tom e diretrizes do Brand DNA.
Se o feedback mencionar problemas específicos, corrija-os diretamente.
Retorne APENAS o conteúdo revisado, sem explicações extras.


O futuro não espera por quem ainda está testando.

Termos: Orquestração, ROI Agêntico, Observabilidade Full-stack

#CestariStudio #FutureProofBrands #DesignSistemico";;;;;;;;;;;;;;approved;;